Student_ID,Position,Department,Teaching_Score,Years_at_HUJI,Office_Type,Beloved
10001,Staff,Bio,Med,2-5,Shared,No
10002,TA,Bio,High,2-5,Shared,Yes
10003,Staff,Bio,High,5+,Private,Yes
10004,Staff,Bio,Low,5+,Shared,No
10005,TA,CS,High,5+,Shared,Yes
10006,TA,Bio,Low,2-5,Shared,No
10007,Staff,Humanities,Low,2-5,Shared,No
10008,Professor,Humanities,Med,2-5,Private,No
10009,Staff,Bio,Med,5+,Shared,No
10010,Staff,Bio,Med,2-5,Private,No
10011,Staff,Humanities,Low,1-2,Shared,No
10012,Staff,Humanities,Med,1-2,Private,No
10013,TA,CS,High,2-5,Private,Yes
10014,Staff,Humanities,High,1-2,Private,Yes
10015,Professor,Humanities,Low,1-2,Private,No
10016,TA,Bio,Low,5+,Private,No
10017,Professor,Humanities,Med,2-5,Shared,No
10018,Professor,CS,Low,2-5,Shared,No
10019,Professor,Humanities,Low,5+,Shared,No
10020,Professor,Bio,High,1-2,Private,Yes
10021,TA,Bio,High,1-2,Shared,Yes
10022,TA,Humanities,Med,2-5,Private,No
10023,Professor,Bio,Low,1-2,Private,No
10024,Professor,CS,Low,5+,Shared,No
10025,TA,CS,High,5+,Shared,Yes
10026,TA,Humanities,Low,2-5,Private,No
10027,TA,Humanities,High,5+,Private,Yes
10028,Staff,Humanities,Med,5+,Shared,No
10029,Staff,Bio,High,2-5,Shared,Yes
10030,Staff,CS,Low,5+,Shared,No
10031,Professor,CS,Med,5+,Shared,Yes
10032,Staff,Bio,High,5+,Private,Yes
10033,Professor,CS,High,1-2,Shared,Yes
10034,Professor,Humanities,Med,2-5,Shared,No
10035,Staff,Humanities,Med,2-5,Shared,No
10036,Professor,Humanities,High,2-5,Private,Yes
10037,Staff,CS,Low,1-2,Private,No
10038,Staff,Humanities,High,1-2,Private,Yes
10039,TA,Bio,Med,2-5,Private,No
10040,Staff,Bio,High,1-2,Shared,Yes
10041,TA,CS,Med,2-5,Private,Yes
10042,Staff,Bio,Med,1-2,Shared,No
10043,Staff,Bio,Low,5+,Shared,No
10044,TA,CS,Med,5+,Shared,Yes
10045,TA,Humanities,Med,2-5,Shared,No
10046,Staff,Humanities,Low,1-2,Private,No
10047,Professor,Humanities,Med,1-2,Private,No
10048,TA,CS,Low,5+,Private,No
10049,Professor,Bio,Low,5+,Shared,No
10050,Professor,Humanities,Med,1-2,Shared,No
10051,Professor,Humanities,Med,1-2,Shared,No
10052,TA,CS,High,1-2,Shared,Yes
10053,Professor,Humanities,Low,1-2,Shared,No
10054,TA,CS,High,1-2,Private,Yes
10055,Professor,Bio,Med,1-2,Shared,No
10056,Staff,CS,High,2-5,Private,Yes
10057,Staff,CS,Low,1-2,Shared,No
10058,TA,CS,High,5+,Shared,Yes
10059,Staff,CS,Low,2-5,Private,No
10060,Staff,Bio,Med,1-2,Private,No
10061,Professor,Bio,Med,5+,Shared,No
10062,TA,Humanities,Low,2-5,Shared,No
10063,Professor,Bio,Med,5+,Shared,No
10064,Professor,Bio,Med,1-2,Shared,No
10065,Professor,Humanities,Med,1-2,Private,No
10066,Professor,Bio,Med,1-2,Shared,No
10067,Professor,CS,Low,1-2,Private,No
10068,Professor,CS,High,2-5,Shared,Yes
10069,Professor,Humanities,High,2-5,Private,Yes
10070,TA,Humanities,Med,5+,Private,Yes
10071,Staff,Humanities,High,1-2,Shared,Yes
10072,Professor,CS,High,5+,Private,Yes
10073,Professor,Bio,Med,2-5,Shared,No
10074,Professor,CS,Med,1-2,Private,No
10075,Professor,Humanities,High,1-2,Shared,Yes
10076,Professor,Bio,Low,2-5,Private,No
10077,Professor,Bio,Med,2-5,Shared,No
10078,Staff,CS,Low,2-5,Shared,No
10079,Staff,Humanities,High,2-5,Private,Yes
10080,Professor,CS,Med,2-5,Private,No
10081,Staff,Bio,Low,1-2,Private,No
10082,TA,CS,Med,2-5,Private,Yes
10083,Professor,CS,High,1-2,Shared,Yes
10084,TA,Humanities,Low,1-2,Private,No
10085,TA,Humanities,High,2-5,Shared,Yes
10086,Professor,Bio,High,2-5,Private,Yes
10087,Staff,CS,Med,1-2,Shared,No
10088,TA,CS,Low,2-5,Shared,No
10089,Professor,CS,High,2-5,Shared,Yes
10090,TA,Bio,High,2-5,Shared,Yes
10091,TA,Bio,Low,5+,Private,No
10092,TA,Humanities,High,1-2,Private,Yes
10093,TA,Humanities,High,5+,Shared,Yes
10094,Staff,Humanities,Low,2-5,Private,No
10095,TA,CS,Low,5+,Private,No
10096,TA,CS,Low,2-5,Shared,No
10097,TA,Humanities,Low,5+,Private,No
10098,Staff,CS,Med,2-5,Private,No
10099,TA,Humanities,Low,5+,Private,No
10100,TA,Bio,Med,5+,Shared,Yes
10101,Staff,Humanities,Med,5+,Private,No
10102,Staff,Bio,Med,1-2,Shared,No
10103,Staff,CS,High,5+,Private,Yes
10104,TA,Humanities,Med,1-2,Private,No
10105,Staff,CS,Med,2-5,Private,No
10106,Staff,Bio,High,5+,Shared,Yes
10107,TA,Bio,High,2-5,Shared,Yes
10108,Staff,Bio,High,2-5,Private,Yes
10109,TA,CS,Low,5+,Shared,No
10110,Professor,CS,High,1-2,Private,Yes
10111,Staff,CS,High,5+,Shared,Yes
10112,Professor,CS,Med,2-5,Shared,No
10113,TA,Bio,High,2-5,Private,Yes
10114,Staff,Bio,Low,5+,Private,No
10115,TA,Humanities,High,1-2,Private,Yes
10116,Professor,Humanities,Low,1-2,Private,No
10117,TA,CS,High,2-5,Shared,Yes
10118,Staff,Bio,High,2-5,Shared,Yes
10119,Staff,Bio,High,1-2,Shared,Yes
10120,Professor,Bio,High,5+,Private,Yes
10121,TA,Humanities,Low,2-5,Private,No
10122,Staff,Humanities,Low,1-2,Shared,No
10123,Professor,Bio,Med,2-5,Private,No
10124,Staff,Bio,Low,5+,Shared,No
10125,Staff,Bio,High,1-2,Shared,Yes
10126,TA,Humanities,Med,2-5,Shared,Yes
10127,Staff,Bio,Med,5+,Shared,No
10128,TA,Bio,Med,2-5,Shared,No
10129,Staff,CS,High,5+,Private,Yes
10130,Professor,CS,Low,5+,Private,No
10131,Staff,Humanities,High,1-2,Private,Yes
10132,TA,Bio,Med,5+,Shared,Yes
10133,TA,Bio,High,2-5,Shared,Yes
10134,Professor,CS,High,5+,Shared,Yes
10135,Staff,Humanities,Low,5+,Shared,No
10136,Staff,CS,Low,1-2,Private,No
10137,Professor,CS,Med,5+,Private,No
10138,Staff,CS,High,5+,Shared,Yes
10139,Staff,CS,High,2-5,Shared,Yes
10140,TA,Bio,Low,1-2,Shared,No
10141,Staff,Bio,High,1-2,Private,Yes
10142,Staff,CS,High,1-2,Private,Yes
10143,Professor,Humanities,High,5+,Private,Yes
10144,Professor,Humanities,Low,1-2,Shared,No
10145,TA,Humanities,Med,5+,Shared,No
10146,Staff,Humanities,Med,5+,Private,No
10147,Staff,CS,High,2-5,Shared,Yes
10148,Staff,Bio,Med,2-5,Private,No
10149,TA,Humanities,Low,2-5,Shared,No
10150,TA,CS,Low,2-5,Private,No
10151,Professor,Humanities,Med,2-5,Shared,No
10152,TA,Humanities,Med,5+,Private,No
10153,Staff,CS,High,5+,Private,Yes
10154,Staff,Bio,Med,1-2,Private,No
10155,TA,Bio,High,5+,Private,Yes
10156,Staff,CS,High,5+,Private,Yes
10157,Staff,Bio,Low,2-5,Private,No
10158,TA,CS,Low,5+,Shared,No
10159,TA,CS,Low,2-5,Shared,No
10160,Staff,CS,Low,1-2,Shared,No
10161,Staff,Bio,Med,1-2,Private,No
10162,Staff,CS,Low,5+,Private,No
10163,Professor,Humanities,Med,1-2,Shared,No
10164,Professor,Bio,Low,5+,Private,No
10165,Professor,Bio,Med,1-2,Private,No
10166,TA,Bio,High,2-5,Private,Yes
10167,Professor,Bio,Med,2-5,Private,No
10168,TA,Humanities,Med,2-5,Private,No
10169,TA,Bio,Low,2-5,Shared,No
10170,Professor,Bio,Med,5+,Shared,No
10171,Professor,CS,High,1-2,Shared,Yes
10172,Professor,Bio,High,5+,Shared,Yes
10173,Staff,Humanities,Low,2-5,Shared,No
10174,Professor,Humanities,High,5+,Private,Yes
10175,Staff,Humanities,Med,1-2,Private,No
10176,TA,Humanities,High,5+,Private,Yes
10177,Staff,Bio,Low,1-2,Private,No
10178,Professor,Bio,Med,5+,Shared,No
10179,TA,Humanities,Low,1-2,Shared,No
10180,TA,Humanities,Med,1-2,Shared,No
10181,TA,Bio,High,2-5,Private,Yes
10182,Staff,Humanities,Low,1-2,Shared,No
10183,Professor,CS,Low,2-5,Private,No
10184,TA,Humanities,Med,2-5,Shared,No
10185,TA,Humanities,Low,2-5,Shared,No
10186,TA,CS,Med,5+,Private,Yes
10187,Staff,CS,Med,5+,Private,Yes
10188,Staff,Bio,Med,5+,Shared,No
10189,Professor,Bio,Med,5+,Shared,No
10190,Staff,CS,High,1-2,Private,Yes
10191,TA,CS,Med,1-2,Shared,Yes
10192,Professor,Bio,Low,5+,Shared,No
10193,TA,Humanities,High,1-2,Private,Yes
10194,TA,CS,Low,1-2,Shared,No
10195,Staff,Bio,High,2-5,Private,Yes
10196,Professor,Humanities,Med,2-5,Shared,No
10197,Staff,CS,High,2-5,Private,Yes
10198,Staff,Humanities,High,2-5,Shared,Yes
10199,Professor,Bio,Low,1-2,Private,No
10200,TA,CS,Low,5+,Shared,No
10201,TA,Humanities,Med,1-2,Private,No
10202,Professor,CS,High,1-2,Shared,Yes
10203,TA,Humanities,High,1-2,Shared,Yes
10204,Professor,Bio,High,2-5,Shared,Yes
10205,Professor,Bio,Med,2-5,Shared,No
10206,Staff,CS,Med,2-5,Shared,No
10207,Professor,Humanities,Med,5+,Shared,No
10208,Staff,CS,Med,1-2,Shared,No
10209,TA,CS,Med,5+,Shared,Yes
10210,TA,Humanities,Low,2-5,Shared,No
10211,TA,Humanities,High,5+,Private,Yes
10212,TA,Humanities,High,1-2,Private,Yes
10213,Staff,Bio,High,1-2,Shared,Yes
10214,TA,CS,High,2-5,Private,Yes
10215,Professor,CS,High,2-5,Shared,Yes
10216,Professor,Bio,High,5+,Shared,Yes
10217,Professor,Humanities,High,2-5,Private,Yes
10218,Staff,Bio,High,2-5,Shared,Yes
10219,TA,Bio,Low,1-2,Shared,No
10220,TA,Bio,High,2-5,Private,Yes
10221,TA,CS,Low,2-5,Private,No
10222,Staff,Bio,Med,1-2,Shared,No
10223,Professor,CS,High,1-2,Private,Yes
10224,Professor,CS,Med,5+,Private,No
10225,TA,CS,Med,2-5,Shared,Yes
10226,Professor,Humanities,Med,1-2,Private,No
10227,Professor,CS,Low,5+,Private,No
10228,Staff,CS,Med,5+,Shared,No
10229,Staff,Humanities,Med,2-5,Private,No
10230,Staff,CS,Med,2-5,Private,No
10231,Staff,Bio,High,5+,Shared,Yes
10232,TA,Bio,High,1-2,Shared,Yes
10233,Staff,CS,Low,5+,Shared,No
10234,Professor,Humanities,Low,2-5,Private,No
10235,TA,Bio,High,1-2,Shared,Yes
10236,Professor,Humanities,Low,1-2,Shared,No
10237,Professor,Humanities,High,5+,Private,Yes
10238,Professor,Bio,Med,2-5,Shared,No
10239,Staff,Humanities,Med,5+,Shared,No
10240,Staff,Bio,Low,5+,Shared,No
10241,TA,Humanities,High,5+,Shared,Yes
10242,TA,Bio,High,1-2,Private,Yes
10243,Staff,CS,Low,1-2,Shared,No
10244,Professor,Bio,High,2-5,Shared,Yes
10245,TA,Bio,Med,2-5,Private,Yes
10246,Staff,Bio,Low,5+,Shared,No
10247,Staff,Bio,Low,5+,Private,No
10248,Staff,Humanities,High,5+,Private,Yes
10249,Professor,CS,Low,2-5,Private,No
10250,Staff,Bio,High,1-2,Shared,Yes
10251,Staff,Humanities,High,1-2,Private,Yes
10252,Staff,CS,High,5+,Private,Yes
10253,Staff,CS,High,5+,Private,Yes
10254,TA,CS,High,5+,Shared,Yes
10255,TA,CS,Low,5+,Shared,No
10256,Staff,Bio,Med,2-5,Shared,No
10257,Professor,Bio,Med,1-2,Shared,No
10258,TA,Humanities,Low,5+,Shared,No
10259,Staff,Humanities,Low,2-5,Shared,No
10260,TA,Humanities,Med,5+,Shared,Yes
10261,TA,CS,Med,5+,Private,Yes
10262,Professor,CS,Med,1-2,Private,No
10263,Staff,Bio,Med,5+,Private,No
10264,Staff,CS,Med,1-2,Private,No
10265,Professor,CS,High,1-2,Shared,Yes
10266,Professor,CS,Low,1-2,Private,No
10267,Staff,Humanities,High,2-5,Private,Yes
10268,Staff,Humanities,Med,2-5,Private,No
10269,Professor,Bio,Med,1-2,Private,No
10270,TA,CS,Med,5+,Shared,Yes
10271,TA,CS,High,1-2,Shared,Yes
10272,Professor,Bio,High,5+,Shared,Yes
10273,TA,CS,Med,1-2,Private,Yes
10274,Professor,CS,High,5+,Shared,Yes
10275,TA,Humanities,High,2-5,Private,Yes
10276,TA,Bio,Med,5+,Shared,Yes
10277,Staff,Bio,High,1-2,Shared,Yes
10278,Staff,Bio,Low,2-5,Shared,No
10279,TA,Bio,Low,5+,Shared,No
10280,TA,Humanities,Low,5+,Shared,No
10281,Staff,Humanities,Low,5+,Private,No
10282,Staff,CS,Med,5+,Shared,No
10283,Staff,CS,Med,5+,Private,No
10284,Professor,CS,Med,2-5,Private,No
10285,TA,CS,Low,2-5,Private,No
10286,Staff,Humanities,Low,2-5,Private,No
10287,TA,Bio,High,2-5,Private,Yes
10288,Professor,Humanities,High,1-2,Shared,Yes
10289,Professor,CS,Low,2-5,Shared,No
10290,Staff,Humanities,Low,5+,Shared,No
10291,Professor,Bio,Low,5+,Shared,No
10292,TA,Bio,Low,2-5,Private,No
10293,Staff,Humanities,High,5+,Shared,Yes
10294,TA,Humanities,Low,2-5,Shared,No
10295,TA,Humanities,High,5+,Private,Yes
10296,Professor,CS,Low,1-2,Private,No
10297,Professor,Humanities,Low,1-2,Shared,No
10298,Professor,Humanities,Low,2-5,Shared,No
10299,Professor,Humanities,High,2-5,Private,Yes
10300,Professor,Bio,High,2-5,Shared,Yes
10301,Staff,Bio,Med,5+,Shared,No
10302,TA,CS,Low,2-5,Shared,No
10303,TA,CS,Med,1-2,Shared,Yes
10304,TA,Bio,Med,5+,Private,No
10305,TA,Bio,High,2-5,Private,Yes
10306,Professor,Bio,High,5+,Private,Yes
10307,TA,Humanities,Med,5+,Shared,No
10308,Staff,Humanities,Low,2-5,Shared,No
10309,Staff,Bio,High,5+,Shared,Yes
10310,TA,Humanities,Low,1-2,Shared,No
10311,TA,Humanities,Low,1-2,Shared,No
10312,Staff,CS,Med,5+,Private,Yes
10313,Staff,Bio,Med,2-5,Shared,No
10314,Professor,Bio,Med,5+,Shared,No
10315,Staff,Humanities,Med,1-2,Private,No
10316,Professor,Bio,High,5+,Shared,Yes
10317,Professor,CS,High,5+,Private,Yes
10318,Professor,CS,Med,1-2,Private,No
10319,Professor,CS,High,5+,Private,Yes
10320,Professor,Bio,Med,5+,Private,No
10321,TA,Bio,Low,2-5,Private,No
10322,Staff,Bio,Low,2-5,Shared,No
10323,Professor,Bio,Low,1-2,Private,No
10324,Staff,Bio,Med,1-2,Private,No
10325,Staff,CS,Low,1-2,Shared,No
10326,Professor,Humanities,High,2-5,Shared,Yes
10327,TA,CS,Low,1-2,Private,No
10328,Professor,Bio,Low,1-2,Shared,No
10329,TA,CS,Low,1-2,Shared,No
10330,Staff,Bio,High,2-5,Private,Yes
10331,TA,Bio,Med,5+,Private,No
10332,TA,CS,High,1-2,Shared,Yes
10333,TA,Bio,Med,5+,Private,Yes
10334,Staff,Humanities,Med,1-2,Private,No
10335,Staff,Bio,Low,5+,Shared,No
10336,TA,Humanities,Med,2-5,Private,No
10337,TA,Humanities,High,2-5,Private,Yes
10338,Professor,Bio,High,1-2,Private,Yes
10339,TA,CS,Med,5+,Private,Yes
10340,Professor,Humanities,Low,2-5,Private,No
10341,TA,CS,Low,1-2,Shared,No
10342,Professor,Humanities,High,1-2,Shared,Yes
10343,Staff,Bio,Low,2-5,Private,No
10344,TA,Bio,Med,2-5,Shared,Yes
10345,TA,Humanities,Med,1-2,Private,No
10346,TA,Bio,High,5+,Private,Yes
10347,TA,Humanities,Med,5+,Private,Yes
10348,Professor,Bio,High,5+,Private,Yes
10349,TA,CS,Med,1-2,Private,Yes
10350,Staff,Bio,High,2-5,Shared,Yes
10351,Staff,CS,Low,1-2,Shared,No
10352,TA,Bio,Med,2-5,Private,No
10353,Staff,CS,Med,5+,Shared,No
10354,TA,Bio,High,5+,Private,Yes
10355,TA,CS,High,2-5,Shared,Yes
10356,Staff,Humanities,Med,2-5,Private,No
10357,TA,Humanities,High,1-2,Shared,Yes
10358,Staff,CS,Med,5+,Private,Yes
10359,Professor,Bio,Low,1-2,Private,No
10360,TA,CS,High,1-2,Shared,Yes
10361,Professor,Bio,Med,1-2,Shared,No
10362,Staff,Humanities,Low,5+,Private,No
10363,Professor,Bio,Low,1-2,Shared,No
10364,Professor,Humanities,Med,1-2,Private,No
10365,Staff,Bio,High,1-2,Shared,Yes
10366,Professor,Bio,Med,1-2,Shared,No
10367,Professor,Bio,Low,1-2,Private,No
10368,Staff,CS,Med,1-2,Shared,No
10369,Professor,CS,High,5+,Shared,Yes
10370,Staff,Humanities,Low,1-2,Private,No
10371,Professor,Humanities,Med,2-5,Shared,No
10372,Staff,CS,High,1-2,Private,Yes
10373,Staff,Humanities,Low,1-2,Private,No
10374,Professor,CS,High,5+,Private,Yes
10375,Professor,Bio,Low,5+,Private,No
10376,Professor,Humanities,Med,2-5,Private,No
10377,TA,Humanities,High,2-5,Shared,Yes
10378,TA,CS,Low,5+,Private,No
10379,TA,Humanities,High,5+,Private,Yes
10380,Staff,Humanities,High,1-2,Shared,Yes
10381,Professor,Bio,Med,5+,Shared,No
10382,Staff,Humanities,High,2-5,Shared,Yes
10383,TA,Bio,Low,1-2,Private,No
10384,Professor,CS,Low,2-5,Private,No
10385,Staff,Humanities,Low,1-2,Private,No
10386,Professor,Bio,Low,5+,Shared,No
10387,Staff,CS,Med,2-5,Private,No
10388,Professor,Humanities,High,1-2,Shared,Yes
10389,TA,CS,Med,1-2,Private,Yes
10390,TA,Humanities,High,5+,Shared,Yes
10391,Professor,CS,High,5+,Private,Yes
10392,Staff,CS,High,5+,Private,Yes
10393,TA,Bio,Med,2-5,Private,No
10394,TA,CS,High,1-2,Shared,Yes
10395,TA,Humanities,Med,5+,Shared,No
10396,Professor,Humanities,Low,2-5,Private,No
10397,Professor,Bio,Low,2-5,Private,No
10398,Staff,Humanities,High,2-5,Private,Yes
10399,Staff,Humanities,Med,5+,Shared,No
10400,Staff,Humanities,Low,5+,Private,No
10401,Professor,CS,Med,1-2,Private,No
10402,Professor,CS,Med,1-2,Private,No
10403,Staff,Humanities,High,5+,Private,Yes
10404,Staff,Bio,Low,2-5,Shared,No
10405,Professor,CS,High,2-5,Shared,Yes
10406,Staff,Bio,High,2-5,Private,Yes
10407,TA,Humanities,Low,1-2,Private,No
10408,Professor,Humanities,Low,2-5,Shared,No
10409,Staff,CS,Med,1-2,Shared,No
10410,Professor,Humanities,Low,1-2,Private,No
10411,TA,CS,Med,2-5,Shared,Yes
10412,Professor,Humanities,Med,2-5,Shared,No
10413,Professor,Humanities,Med,5+,Private,No
10414,Professor,CS,Low,5+,Shared,No
10415,Professor,CS,High,2-5,Shared,Yes
10416,TA,CS,Med,1-2,Private,Yes
10417,Professor,Humanities,High,1-2,Private,Yes
10418,Professor,Humanities,High,1-2,Shared,Yes
10419,Staff,Bio,Low,1-2,Private,No
10420,Professor,CS,High,1-2,Shared,Yes
10421,Staff,Humanities,High,5+,Private,Yes
10422,TA,Humanities,Low,2-5,Shared,No
10423,TA,CS,Med,5+,Private,Yes
10424,TA,Bio,High,1-2,Shared,Yes
10425,TA,CS,Low,1-2,Shared,No
10426,Staff,Bio,High,1-2,Shared,Yes
10427,Professor,Humanities,High,1-2,Private,Yes
10428,TA,Bio,Med,2-5,Private,Yes
10429,Professor,Humanities,High,1-2,Shared,Yes
10430,Staff,CS,Low,2-5,Shared,No
10431,Staff,CS,High,1-2,Private,Yes
10432,Staff,CS,Med,2-5,Private,No
10433,TA,Bio,Med,5+,Private,Yes
10434,Professor,Humanities,Low,1-2,Private,No
10435,Professor,CS,Med,2-5,Private,No
10436,Professor,CS,High,5+,Private,Yes
10437,Staff,Humanities,Med,1-2,Shared,No
10438,TA,CS,Low,1-2,Private,No
10439,Staff,Humanities,Med,1-2,Shared,No
10440,Staff,Humanities,Med,2-5,Private,No
10441,Professor,Humanities,Med,2-5,Private,No
10442,Staff,Humanities,Low,5+,Shared,No
10443,Professor,Humanities,Med,2-5,Shared,No
10444,TA,Bio,Med,2-5,Private,No
10445,Professor,CS,High,1-2,Shared,Yes
10446,TA,Bio,Low,1-2,Shared,No
10447,Professor,CS,Med,1-2,Shared,No
10448,Staff,Bio,Low,1-2,Shared,No
10449,Staff,Humanities,Med,1-2,Private,No
10450,TA,CS,Med,1-2,Shared,Yes
10451,TA,CS,Med,1-2,Private,Yes
10452,TA,Bio,High,5+,Private,Yes
10453,Professor,Bio,High,5+,Private,Yes
10454,Professor,CS,High,5+,Private,Yes
10455,TA,Bio,Low,5+,Shared,No
10456,Staff,Bio,Low,1-2,Shared,No
10457,Professor,Bio,High,5+,Private,Yes
10458,Professor,Humanities,Low,1-2,Private,No
10459,Professor,Humanities,Med,5+,Private,No
10460,TA,Bio,Med,2-5,Private,No
10461,TA,Bio,Med,5+,Shared,Yes
10462,TA,Humanities,High,5+,Private,Yes
10463,TA,Humanities,Low,1-2,Shared,No
10464,TA,CS,High,5+,Private,Yes
10465,Staff,CS,Low,2-5,Private,No
10466,Staff,Humanities,Med,1-2,Private,No
10467,TA,Bio,High,1-2,Private,Yes
10468,Professor,Bio,Low,5+,Shared,No
10469,TA,Bio,Low,1-2,Shared,No
10470,Staff,Bio,Med,1-2,Shared,No
10471,Staff,CS,High,1-2,Private,Yes
10472,Professor,Humanities,High,1-2,Private,Yes
10473,Staff,Bio,High,1-2,Shared,Yes
10474,TA,CS,Med,1-2,Shared,Yes
10475,Professor,Bio,High,2-5,Private,Yes
10476,TA,Humanities,Med,5+,Private,No
10477,TA,CS,Med,2-5,Shared,Yes
10478,Professor,Humanities,Med,1-2,Private,No
10479,TA,Humanities,Low,1-2,Private,No
10480,Staff,CS,High,5+,Shared,Yes
10481,TA,CS,High,2-5,Private,Yes
10482,Professor,CS,Med,5+,Shared,No
10483,Professor,CS,Med,2-5,Private,No
10484,Professor,CS,High,1-2,Shared,Yes
10485,TA,CS,Med,5+,Private,Yes
10486,Professor,CS,High,5+,Shared,Yes
10487,Professor,Bio,Low,1-2,Shared,No
10488,TA,Humanities,Med,5+,Shared,Yes
10489,Staff,CS,High,2-5,Shared,Yes
10490,TA,Bio,Med,2-5,Private,No
10491,Professor,Bio,High,2-5,Private,Yes
10492,Professor,Bio,High,2-5,Shared,Yes
10493,TA,Humanities,Med,1-2,Private,No
10494,Staff,CS,Low,5+,Private,No
10495,Professor,Bio,High,2-5,Private,Yes
10496,Professor,Humanities,High,1-2,Private,Yes
10497,Professor,Humanities,High,5+,Private,Yes
10498,TA,Humanities,Low,5+,Shared,No
10499,Professor,Bio,Low,1-2,Shared,No
10500,Staff,CS,Med,1-2,Shared,No
10501,Professor,Bio,Low,2-5,Shared,No
10502,Professor,Bio,Med,5+,Private,No
10503,Staff,CS,Med,5+,Private,No
10504,Professor,CS,Low,1-2,Shared,No
10505,TA,CS,Med,5+,Private,Yes
10506,TA,Humanities,Low,2-5,Private,No
10507,TA,CS,Med,5+,Shared,Yes
10508,Staff,Bio,Low,1-2,Private,No
10509,Professor,CS,Low,1-2,Shared,No
10510,TA,Bio,Med,2-5,Shared,Yes
10511,Staff,Humanities,High,2-5,Private,Yes
10512,Professor,Bio,Med,5+,Private,No
10513,Staff,Bio,Low,5+,Shared,No
10514,TA,CS,High,1-2,Shared,Yes
10515,TA,CS,Med,2-5,Private,Yes
10516,TA,Bio,Med,2-5,Shared,No
10517,Staff,CS,Med,2-5,Shared,No
10518,Staff,Humanities,High,5+,Shared,Yes
10519,TA,Humanities,Low,2-5,Private,No
10520,Staff,CS,Med,1-2,Shared,No
10521,TA,Humanities,Med,1-2,Private,No
10522,TA,CS,Med,5+,Shared,Yes
10523,Professor,Bio,Med,5+,Private,No
10524,Staff,Bio,Med,2-5,Shared,No
10525,TA,Humanities,Low,5+,Private,No
10526,TA,CS,Low,1-2,Private,No
10527,Staff,CS,Med,2-5,Private,No
10528,Professor,Humanities,High,1-2,Shared,Yes
10529,Professor,Bio,Low,2-5,Shared,No
10530,TA,Humanities,High,5+,Shared,Yes
10531,Staff,Bio,Low,2-5,Private,No
10532,Professor,CS,Med,2-5,Shared,No
10533,Staff,Bio,Low,1-2,Private,No
10534,Staff,Humanities,Med,1-2,Shared,No
10535,TA,CS,Low,2-5,Private,No
10536,Professor,Humanities,Med,5+,Private,No
10537,TA,Humanities,Med,5+,Private,Yes
10538,Professor,Bio,Med,1-2,Shared,No
10539,Professor,Humanities,Med,5+,Shared,No
10540,Professor,Bio,High,1-2,Shared,Yes
10541,Professor,CS,Med,5+,Private,No
10542,Professor,Bio,High,2-5,Private,Yes
10543,Staff,CS,High,1-2,Shared,Yes
10544,TA,Bio,Med,1-2,Shared,Yes
10545,Staff,Humanities,High,2-5,Shared,Yes
10546,Professor,Bio,Low,1-2,Private,No
10547,TA,Bio,Med,5+,Private,No
10548,Professor,CS,High,5+,Private,Yes
10549,TA,Humanities,Med,1-2,Private,No
10550,Staff,Bio,Med,5+,Private,No
10551,TA,Humanities,Med,1-2,Shared,No
10552,TA,Bio,High,2-5,Private,Yes
10553,TA,Bio,Low,1-2,Private,No
10554,TA,Humanities,Low,2-5,Private,No
10555,TA,Bio,High,5+,Private,Yes
10556,Professor,Humanities,Med,2-5,Private,No
10557,TA,Bio,High,5+,Shared,Yes
10558,TA,CS,High,1-2,Private,Yes
10559,Staff,Humanities,High,5+,Private,Yes
10560,TA,Bio,Med,1-2,Private,Yes
10561,Staff,Bio,High,1-2,Shared,Yes
10562,Professor,CS,Med,2-5,Shared,No
10563,TA,Humanities,High,2-5,Shared,Yes
10564,Staff,Bio,Low,2-5,Private,No
10565,Staff,CS,High,2-5,Shared,Yes
10566,Professor,Bio,High,5+,Private,Yes
10567,TA,Humanities,Low,5+,Private,No
10568,TA,Bio,Med,5+,Shared,Yes
10569,Staff,Bio,Med,1-2,Private,No
10570,TA,Bio,High,5+,Private,Yes
10571,Staff,Bio,Low,5+,Private,No
10572,TA,CS,Med,5+,Shared,Yes
10573,Staff,CS,High,2-5,Private,Yes
10574,TA,Humanities,Low,5+,Private,No
10575,Professor,CS,Med,1-2,Shared,No
10576,TA,CS,Med,2-5,Private,Yes
10577,TA,Humanities,Low,1-2,Private,No
10578,Professor,CS,Low,5+,Shared,No
10579,TA,CS,Low,2-5,Private,No
10580,Professor,Humanities,Low,1-2,Private,No
10581,TA,Humanities,High,5+,Private,Yes
10582,Staff,Humanities,Low,1-2,Private,No
10583,Staff,Bio,Med,1-2,Private,No
10584,TA,Bio,Med,1-2,Shared,Yes
10585,TA,Humanities,High,5+,Shared,Yes
10586,TA,Humanities,Med,5+,Shared,No
10587,Staff,Humanities,Med,1-2,Shared,No
10588,TA,Bio,Low,2-5,Private,No
10589,Staff,Bio,Med,2-5,Private,No
10590,Professor,CS,High,5+,Private,Yes
10591,Staff,CS,Low,5+,Private,No
10592,Staff,Humanities,Low,5+,Private,No
10593,Professor,Bio,High,5+,Shared,Yes
10594,Staff,Bio,Low,5+,Shared,No
10595,TA,Bio,Low,2-5,Private,No
10596,TA,Humanities,High,5+,Private,Yes
10597,Staff,CS,Low,1-2,Private,No
10598,TA,Humanities,High,1-2,Shared,Yes
10599,Staff,CS,High,2-5,Private,Yes
10600,TA,CS,Med,1-2,Private,Yes
10601,TA,Humanities,Med,2-5,Private,Yes
10602,Staff,CS,Low,2-5,Shared,No
10603,TA,CS,Low,1-2,Private,No
10604,Staff,Bio,High,5+,Shared,Yes
10605,TA,CS,Low,1-2,Shared,No
10606,TA,Humanities,High,1-2,Shared,Yes
10607,Professor,Humanities,High,2-5,Shared,Yes
10608,Professor,CS,Low,1-2,Shared,No
10609,Staff,Bio,High,2-5,Shared,Yes
10610,Professor,Bio,Med,5+,Private,No
10611,Staff,CS,Low,5+,Private,No
10612,Professor,CS,Med,5+,Private,No
10613,TA,Humanities,Low,1-2,Shared,No
10614,Staff,CS,High,2-5,Private,Yes
10615,Staff,Bio,Low,5+,Shared,No
10616,TA,CS,Med,2-5,Shared,Yes
10617,Staff,Humanities,High,2-5,Shared,Yes
10618,Staff,Humanities,Low,5+,Private,No
10619,Professor,Humanities,Low,5+,Shared,No
10620,Staff,Humanities,Low,2-5,Shared,No
10621,TA,Humanities,Med,5+,Private,No
10622,Professor,CS,Med,2-5,Private,No
10623,Professor,CS,Low,2-5,Shared,No
10624,TA,CS,High,5+,Shared,Yes
10625,TA,CS,High,1-2,Private,Yes
10626,Professor,Humanities,Med,5+,Private,No
10627,Staff,Bio,High,1-2,Private,Yes
10628,Professor,CS,Med,2-5,Shared,No
10629,TA,Bio,Low,2-5,Private,No
10630,Professor,CS,Med,1-2,Private,No
10631,TA,CS,Med,2-5,Private,Yes
10632,Professor,Bio,Low,1-2,Shared,No
10633,Staff,Humanities,High,1-2,Private,Yes
10634,Professor,CS,Med,2-5,Private,No
10635,Professor,CS,Med,1-2,Private,No
10636,TA,CS,Low,5+,Private,No
10637,TA,Bio,High,5+,Private,Yes
10638,TA,Humanities,Med,2-5,Shared,No
10639,Professor,Bio,Low,2-5,Shared,No
10640,Staff,Bio,Med,1-2,Shared,No
10641,TA,Humanities,Low,1-2,Private,No
10642,TA,Bio,High,1-2,Shared,Yes
10643,Professor,Humanities,High,1-2,Shared,Yes
10644,TA,CS,High,5+,Shared,Yes
10645,Staff,Humanities,High,5+,Private,Yes
10646,Staff,CS,Med,2-5,Private,No
10647,TA,Bio,Med,1-2,Shared,No
10648,TA,Bio,High,1-2,Shared,Yes
10649,Professor,CS,High,2-5,Private,Yes
10650,Staff,Bio,High,1-2,Private,Yes
10651,Staff,Humanities,Med,1-2,Shared,No
10652,TA,CS,High,1-2,Private,Yes
10653,Professor,Bio,High,1-2,Shared,Yes
10654,Staff,CS,High,1-2,Private,Yes
10655,Staff,Humanities,Low,2-5,Shared,No
10656,Professor,Humanities,High,1-2,Shared,Yes
10657,Professor,Bio,Low,2-5,Private,No
10658,Staff,Humanities,Low,1-2,Shared,No
10659,Staff,CS,High,5+,Shared,Yes
10660,Professor,Humanities,Low,5+,Shared,No
10661,Staff,CS,High,5+,Private,Yes
10662,TA,CS,Med,5+,Private,Yes
10663,TA,Humanities,Med,2-5,Private,Yes
10664,Professor,Bio,Med,2-5,Shared,No
10665,Professor,Humanities,Med,1-2,Private,No
10666,Professor,CS,Low,5+,Shared,No
10667,TA,CS,High,2-5,Shared,Yes
10668,Staff,Humanities,High,1-2,Private,Yes
10669,TA,Bio,High,1-2,Private,Yes
10670,Staff,Bio,Med,2-5,Shared,No
10671,TA,CS,Med,5+,Shared,Yes
10672,Staff,CS,High,1-2,Private,Yes
10673,TA,Bio,Med,5+,Private,Yes
10674,Professor,Humanities,High,5+,Private,Yes
10675,TA,CS,High,5+,Shared,Yes
10676,Staff,CS,High,1-2,Shared,Yes
10677,TA,Bio,High,5+,Shared,Yes
10678,TA,Humanities,High,1-2,Shared,Yes
10679,TA,Bio,High,5+,Shared,Yes
10680,Professor,Humanities,High,1-2,Private,Yes
10681,TA,Humanities,Med,5+,Private,Yes
10682,Professor,Humanities,High,2-5,Shared,Yes
10683,Professor,CS,High,5+,Shared,Yes
10684,TA,Bio,Med,5+,Private,No
10685,TA,Bio,Med,1-2,Private,No
10686,TA,Humanities,Med,1-2,Private,No
10687,Staff,CS,High,5+,Private,Yes
10688,TA,CS,Low,2-5,Shared,No
10689,Professor,Bio,Low,2-5,Private,No
10690,TA,CS,Med,1-2,Shared,Yes
10691,Staff,CS,Low,2-5,Private,No
10692,TA,Humanities,Med,5+,Private,No
10693,Staff,CS,High,1-2,Private,Yes
10694,Staff,Humanities,Low,5+,Shared,No
10695,TA,Bio,High,1-2,Shared,Yes
10696,Professor,CS,Low,1-2,Private,No
10697,Staff,Bio,High,1-2,Shared,Yes
10698,TA,Bio,Low,1-2,Shared,No
10699,TA,CS,High,2-5,Private,Yes
10700,Professor,CS,High,5+,Private,Yes
10701,Staff,Bio,Low,5+,Shared,No
10702,Staff,CS,High,5+,Shared,Yes
10703,TA,Humanities,High,1-2,Shared,Yes
10704,TA,Humanities,High,2-5,Private,Yes
10705,Professor,CS,Low,5+,Private,No
10706,Professor,Bio,Low,2-5,Shared,No
10707,Staff,CS,High,1-2,Private,Yes
10708,Staff,CS,High,5+,Private,Yes
10709,TA,Bio,Low,2-5,Shared,No
10710,Staff,Bio,Low,1-2,Shared,No
10711,Professor,Humanities,High,2-5,Private,Yes
10712,Professor,Bio,High,5+,Private,Yes
10713,TA,Humanities,High,5+,Shared,Yes
10714,Professor,Bio,Med,1-2,Private,No
10715,Professor,CS,Low,1-2,Private,No
10716,Professor,Humanities,Med,1-2,Shared,No
10717,Professor,Humanities,Low,2-5,Shared,No
10718,TA,Humanities,Low,2-5,Private,No
10719,TA,CS,Low,2-5,Private,No
10720,Staff,CS,Low,1-2,Private,No
10721,Professor,CS,Low,5+,Shared,No
10722,Staff,CS,Low,5+,Private,No
10723,TA,CS,Low,2-5,Private,No
10724,TA,Humanities,Med,2-5,Shared,Yes
10725,TA,CS,High,5+,Shared,Yes
10726,TA,Humanities,High,5+,Private,Yes
10727,TA,CS,Med,2-5,Shared,Yes
10728,TA,Bio,Med,2-5,Shared,Yes
10729,TA,Humanities,Med,5+,Private,No
10730,Professor,Bio,Med,1-2,Shared,No
10731,Staff,Humanities,Low,2-5,Shared,No
10732,TA,Bio,High,5+,Private,Yes
10733,Professor,CS,Low,5+,Shared,No
10734,Professor,CS,High,5+,Private,Yes
10735,Staff,CS,High,5+,Private,Yes
10736,TA,Humanities,Med,1-2,Shared,Yes
10737,Staff,Bio,Low,5+,Shared,No
10738,TA,CS,Med,2-5,Shared,Yes
10739,Professor,Bio,Low,1-2,Private,No
10740,Professor,Bio,High,5+,Shared,Yes
10741,Professor,CS,Med,1-2,Private,No
10742,Professor,CS,Med,2-5,Shared,No
10743,Staff,Bio,High,5+,Shared,Yes
10744,TA,CS,High,2-5,Shared,Yes
10745,TA,CS,High,5+,Private,Yes
10746,Staff,CS,Med,5+,Shared,No
10747,TA,Humanities,Low,5+,Shared,No
10748,Professor,Bio,Med,5+,Private,No
10749,TA,Bio,Low,5+,Private,No
10750,Professor,Humanities,Med,1-2,Shared,No
10751,Staff,Bio,Med,5+,Shared,No
10752,TA,CS,High,5+,Shared,Yes
10753,Staff,Bio,Low,1-2,Private,No
10754,TA,CS,Med,1-2,Private,Yes
10755,Professor,Humanities,Med,1-2,Private,No
10756,Staff,CS,High,1-2,Private,Yes
10757,TA,Bio,High,1-2,Shared,Yes
10758,Professor,Bio,Low,1-2,Private,No
10759,Staff,Bio,Med,5+,Private,No
10760,Staff,Humanities,Low,5+,Private,No
10761,TA,Humanities,Med,2-5,Shared,Yes
10762,TA,Bio,Low,5+,Shared,No
10763,TA,CS,High,5+,Private,Yes
10764,Professor,Humanities,Med,1-2,Private,No
10765,TA,Bio,Low,1-2,Shared,No
10766,Staff,Bio,High,5+,Shared,Yes
10767,Staff,Humanities,High,2-5,Shared,Yes
10768,TA,Humanities,Low,1-2,Shared,No
10769,TA,Humanities,Med,5+,Shared,No
10770,Staff,CS,Med,5+,Shared,No
10771,Professor,CS,High,2-5,Shared,Yes
10772,TA,Bio,Med,2-5,Shared,No
10773,TA,Humanities,Med,1-2,Private,No
10774,Staff,CS,Med,2-5,Private,No
10775,TA,Humanities,High,5+,Private,Yes
10776,Professor,Bio,Low,5+,Private,No
10777,Staff,CS,Med,2-5,Private,No
10778,TA,CS,High,2-5,Private,Yes
10779,Staff,CS,High,2-5,Shared,Yes
10780,TA,Bio,Low,2-5,Shared,No
10781,TA,Humanities,Med,1-2,Private,No
10782,TA,CS,Med,2-5,Private,Yes
10783,Professor,Bio,Low,1-2,Shared,No
10784,Professor,Humanities,Low,5+,Shared,No
10785,Staff,Bio,High,2-5,Shared,Yes
10786,TA,Humanities,High,1-2,Private,Yes
10787,TA,Bio,Low,2-5,Shared,No
10788,Professor,Humanities,Med,5+,Private,No
10789,TA,CS,High,5+,Private,Yes
10790,Professor,Humanities,High,5+,Shared,Yes
10791,TA,Bio,Med,2-5,Shared,Yes
10792,Staff,Bio,High,2-5,Private,Yes
10793,TA,Humanities,Med,1-2,Shared,No
10794,TA,CS,Med,5+,Shared,Yes
10795,Professor,CS,Med,2-5,Private,No
10796,TA,Humanities,Low,5+,Shared,No
10797,TA,Humanities,Low,5+,Private,No
10798,Professor,Bio,Low,1-2,Private,No
10799,Staff,CS,Med,1-2,Shared,No
10800,Staff,Humanities,Med,1-2,Private,No
10801,Professor,CS,Low,1-2,Private,No
10802,Professor,Humanities,High,5+,Shared,Yes
10803,Professor,Humanities,Med,1-2,Shared,No
10804,Professor,CS,High,1-2,Shared,Yes
10805,Professor,Humanities,High,1-2,Private,Yes
10806,Staff,Humanities,Med,1-2,Private,No
10807,Staff,Bio,Med,5+,Shared,No
10808,Professor,Humanities,High,1-2,Private,Yes
10809,TA,Humanities,High,5+,Shared,Yes
10810,Professor,Humanities,Low,2-5,Shared,No
10811,TA,Bio,Low,5+,Private,No
10812,Professor,CS,Med,5+,Shared,No
10813,Professor,Bio,Low,1-2,Private,No
10814,Staff,Bio,Low,2-5,Private,No
10815,TA,CS,Low,2-5,Shared,No
10816,TA,Bio,Low,2-5,Private,No
10817,Staff,CS,High,2-5,Shared,Yes
10818,Staff,Bio,Med,5+,Private,No
10819,Staff,CS,Low,2-5,Private,No
10820,Staff,Humanities,High,5+,Private,Yes
10821,TA,Bio,High,5+,Shared,Yes
10822,TA,Bio,High,5+,Private,Yes
10823,Professor,Bio,Low,2-5,Shared,No
10824,Professor,Bio,Low,1-2,Private,No
10825,Staff,Humanities,Med,1-2,Private,No
10826,Staff,Bio,Low,2-5,Shared,No
10827,Staff,Humanities,Low,1-2,Shared,No
10828,Professor,Humanities,High,1-2,Shared,Yes
10829,Professor,Humanities,Med,5+,Shared,No
10830,Professor,Humanities,Low,5+,Shared,No
10831,Professor,CS,Low,2-5,Private,No
10832,Professor,CS,High,2-5,Private,Yes
10833,Professor,Bio,High,1-2,Shared,Yes
10834,Professor,CS,Low,5+,Private,No
10835,Staff,CS,Med,2-5,Private,No
10836,Staff,Bio,Med,2-5,Private,No
10837,Staff,Bio,High,2-5,Shared,Yes
10838,Staff,Bio,High,2-5,Private,Yes
10839,Professor,CS,Low,2-5,Private,No
10840,TA,CS,High,2-5,Private,Yes
10841,Professor,Bio,Low,1-2,Shared,No
10842,TA,Humanities,Med,5+,Private,Yes
10843,Staff,Bio,Med,5+,Private,No
10844,Professor,Humanities,Low,2-5,Shared,No
10845,Staff,Humanities,High,5+,Shared,Yes
10846,Professor,Bio,Med,5+,Private,No
10847,Staff,Bio,High,5+,Private,Yes
10848,TA,Bio,Med,2-5,Shared,Yes
10849,TA,CS,Low,2-5,Shared,No
10850,TA,Humanities,Low,5+,Shared,No
10851,Professor,CS,Low,5+,Shared,No
10852,TA,CS,Med,2-5,Shared,Yes
10853,Professor,Bio,High,1-2,Shared,Yes
10854,TA,CS,High,5+,Shared,Yes
10855,TA,Bio,High,1-2,Private,Yes
10856,Professor,Humanities,Med,5+,Shared,No
10857,Professor,Bio,Med,1-2,Shared,No
10858,TA,CS,Med,1-2,Private,Yes
10859,Professor,CS,Med,1-2,Shared,No
10860,TA,Bio,Med,2-5,Shared,Yes
10861,Professor,Bio,High,1-2,Private,Yes
10862,Staff,CS,Med,1-2,Shared,No
10863,Staff,Humanities,Med,1-2,Private,No
10864,Staff,Humanities,High,5+,Private,Yes
10865,Staff,Bio,Med,1-2,Private,No
10866,Staff,Humanities,High,5+,Private,Yes
10867,TA,CS,High,1-2,Shared,Yes
10868,Staff,Bio,Low,1-2,Private,No
10869,Staff,CS,Low,2-5,Private,No
10870,Staff,CS,Low,5+,Shared,No
10871,Staff,Humanities,Low,1-2,Private,No
10872,Professor,Bio,Med,5+,Private,No
10873,TA,Bio,Low,5+,Private,No
10874,Staff,Humanities,High,2-5,Private,Yes
10875,Staff,CS,Med,2-5,Shared,No
10876,Staff,CS,Low,2-5,Private,No
10877,TA,CS,High,2-5,Shared,Yes
10878,Professor,CS,Med,2-5,Shared,No
10879,TA,Bio,Med,2-5,Private,No
10880,Professor,Bio,Low,2-5,Private,No
10881,Staff,Humanities,Med,2-5,Private,No
10882,Staff,Humanities,High,1-2,Private,Yes
10883,TA,Bio,Med,5+,Shared,Yes
10884,TA,Bio,High,2-5,Shared,Yes
10885,Professor,CS,Med,2-5,Shared,No
10886,Professor,CS,Low,5+,Private,No
10887,TA,Humanities,High,1-2,Shared,Yes
10888,Professor,Bio,Med,5+,Private,No
10889,TA,Humanities,Med,5+,Private,Yes
10890,Professor,Bio,Med,2-5,Private,No
10891,TA,CS,High,5+,Private,Yes
10892,TA,Humanities,High,5+,Private,Yes
10893,TA,Humanities,High,2-5,Shared,Yes
10894,Professor,Bio,Low,2-5,Shared,No
10895,Professor,CS,Low,2-5,Private,No
10896,Professor,Humanities,High,2-5,Shared,Yes
10897,TA,CS,Med,5+,Private,Yes
10898,Professor,Humanities,Low,5+,Private,No
10899,Professor,CS,High,1-2,Private,Yes
10900,TA,Bio,Med,1-2,Shared,No
10901,Staff,Humanities,Low,5+,Private,No
10902,TA,Humanities,Med,1-2,Private,Yes
10903,Professor,CS,Med,5+,Shared,No
10904,TA,CS,Med,1-2,Shared,Yes
10905,Staff,Humanities,Med,2-5,Shared,No
10906,TA,Bio,Low,1-2,Private,No
10907,Professor,CS,Low,2-5,Private,No
10908,Staff,CS,Low,2-5,Shared,No
10909,Professor,CS,High,2-5,Private,Yes
10910,Staff,Humanities,Low,2-5,Shared,No
10911,Staff,Humanities,Med,1-2,Shared,No
10912,TA,Humanities,Low,5+,Private,No
10913,TA,Humanities,Med,2-5,Private,No
10914,Professor,Bio,High,1-2,Shared,Yes
10915,TA,Bio,Med,2-5,Shared,No
10916,TA,Humanities,Med,1-2,Shared,Yes
10917,Staff,Bio,Med,1-2,Shared,No
10918,TA,CS,High,1-2,Private,Yes
10919,Staff,CS,Low,5+,Shared,No
10920,Staff,CS,Low,1-2,Shared,No
10921,Staff,Humanities,High,1-2,Shared,Yes
10922,Professor,CS,Med,5+,Private,Yes
10923,Professor,Bio,Low,5+,Private,No
10924,Professor,Humanities,High,1-2,Shared,Yes
10925,Staff,Bio,Low,5+,Private,No
10926,Professor,CS,High,2-5,Private,Yes
10927,Professor,CS,Med,2-5,Private,No
10928,TA,CS,Low,5+,Shared,No
10929,Professor,Humanities,High,5+,Shared,Yes
10930,Professor,Bio,Low,1-2,Private,No
10931,Staff,Humanities,Low,5+,Shared,No
10932,Staff,Humanities,Low,1-2,Shared,No
10933,Staff,CS,Low,2-5,Private,No
10934,Staff,Humanities,High,5+,Private,Yes
10935,Staff,Humanities,Med,1-2,Shared,No
10936,Staff,CS,High,1-2,Private,Yes
10937,Professor,Humanities,High,2-5,Shared,Yes
10938,Staff,CS,High,5+,Shared,Yes
10939,Staff,CS,Med,2-5,Private,No
10940,TA,CS,Low,1-2,Shared,No
10941,Professor,CS,Low,1-2,Shared,No
10942,Professor,Humanities,Low,5+,Private,No
10943,Professor,CS,Med,1-2,Private,No
10944,Staff,CS,Low,5+,Private,No
10945,Staff,Humanities,Med,2-5,Shared,No
10946,Staff,Humanities,Low,5+,Private,No
10947,TA,Bio,Low,5+,Private,No
10948,Staff,Humanities,High,1-2,Private,Yes
10949,TA,Humanities,Med,1-2,Private,Yes
10950,Professor,Bio,High,5+,Shared,Yes
10951,Staff,Humanities,High,1-2,Shared,Yes
10952,TA,Humanities,High,1-2,Private,Yes
10953,TA,Humanities,Med,1-2,Shared,No
10954,Staff,Humanities,Med,5+,Private,No
10955,Professor,Bio,Low,1-2,Private,No
10956,Professor,Humanities,High,5+,Shared,Yes
10957,Professor,Humanities,Low,1-2,Shared,No
10958,TA,Bio,High,2-5,Private,Yes
10959,TA,CS,Med,1-2,Private,Yes
10960,TA,Bio,Med,1-2,Shared,No
10961,TA,CS,Med,5+,Private,Yes
10962,Professor,Bio,High,5+,Shared,Yes
10963,Staff,Bio,Med,1-2,Private,No
10964,TA,Humanities,High,2-5,Private,Yes
10965,TA,CS,Low,1-2,Shared,No
10966,Professor,Humanities,High,1-2,Shared,Yes
10967,Staff,CS,Low,2-5,Shared,No
10968,Staff,Bio,High,5+,Shared,Yes
10969,Professor,Bio,Low,1-2,Shared,No
10970,Professor,CS,Med,5+,Shared,No
10971,Staff,Humanities,Low,5+,Shared,No
10972,TA,Humanities,Med,2-5,Private,No
10973,Staff,Humanities,Med,2-5,Private,No
10974,Professor,Humanities,Low,5+,Private,No
10975,TA,Bio,High,1-2,Shared,Yes
10976,TA,Bio,High,5+,Shared,Yes
10977,Professor,Bio,High,1-2,Shared,Yes
10978,Professor,Bio,High,1-2,Private,Yes
10979,Professor,Bio,High,2-5,Shared,Yes
10980,Staff,Humanities,Med,1-2,Shared,No
10981,Staff,Humanities,High,1-2,Private,Yes
10982,TA,Humanities,Med,5+,Shared,Yes
10983,Professor,Humanities,Med,2-5,Private,No
10984,TA,Bio,Med,1-2,Private,No
10985,TA,Bio,Low,1-2,Shared,No
10986,TA,Bio,Low,2-5,Shared,No
10987,TA,CS,Med,5+,Shared,Yes
10988,Professor,Humanities,Low,2-5,Private,No
10989,TA,Humanities,High,2-5,Private,Yes
10990,Professor,Bio,High,1-2,Private,Yes
10991,Professor,Humanities,Med,1-2,Shared,No
10992,Staff,Humanities,High,5+,Shared,Yes
10993,Professor,Bio,Med,1-2,Shared,No
10994,Staff,CS,Med,1-2,Shared,No
10995,Professor,CS,High,2-5,Private,Yes
10996,Professor,CS,Low,1-2,Private,No
10997,Professor,Bio,High,5+,Private,Yes
10998,Staff,Humanities,High,2-5,Private,Yes
10999,Staff,Bio,Med,5+,Shared,No
11000,TA,Bio,Med,2-5,Shared,No
